{"cameraMatrix": [[1884.5618000288894, 0.0, 911.7922321737778], [0.0, 1880.876139665315, 534.5826018179368], [0.0, 0.0, 1.0]], "distCoeffs": [[0.3550507363758069, -2.2889560633704336, -0.002343699246072931, -0.006808603240379938, 5.479282743032857]]}