{"cameraMatrix": [[1693.3510909673353, 0.0, 926.5394905614311], [0.0, 1700.3405585858802, 518.7851973276429], [0.0, 0.0, 1.0]], "distCoeffs": [[0.1885855026768034, -0.35657827813080994, -0.00538414392963166, -0.006949761918092188, -1.3517354650689926]]}